Workbook

Sheet Overview
B1: Aurora Platform Launch — Programme Overview
B2: Portfolio roll-up. Figures pull live from each project sheet — edit a task there and this table updates.
A4: # | B4: Project | C4: Owner | D4: Status | E4: Priority | F4: Tasks | G4: Est. Effort (d) | H4: Actual Effort (d) | I4: % Complete | J4: End Date | K4: Budget (d)
A5: 1 | B5: Backend API | C5: ='Backend API'!B4 -> Sarah Klein | D5: ='Backend API'!B5 -> On Track | E5: ='Backend API'!B6 -> High | F5: 6 | G5: ='Backend API'!E20 -> 40 | H5: ='Backend API'!F20 -> 20 | I5: ='Backend API'!G20 -> 0.53 | J5: ='Backend API'!B9 -> 46171 | K5: ='Backend API'!B10 -> 60
A6: 2 | B6: Frontend App | C6: ='Frontend App'!B4 -> Daniel Weber | D6: ='Frontend App'!B5 -> At Risk | E6: ='Frontend App'!B6 -> High | F6: 6 | G6: ='Frontend App'!E20 -> 48 | H6: ='Frontend App'!F20 -> 21 | I6: ='Frontend App'!G20 -> 0.4 | J6: ='Frontend App'!B9 -> 46192 | K6: ='Frontend App'!B10 -> 55
A7: 3 | B7: Data Migration | C7: ='Data Migration'!B4 -> Priya Nair | D7: ='Data Migration'!B5 -> On Track | E7: ='Data Migration'!B6 -> Medium | F7: 5 | G7: ='Data Migration'!E19 -> 29 | H7: ='Data Migration'!F19 -> 7 | I7: ='Data Migration'!G19 -> 0.23448276 | J7: ='Data Migration'!B9 -> 46213 | K7: ='Data Migration'!B10 -> 35
A8: 4 | B8: QA & Release | C8: ='QA & Release'!B4 -> Omar Haddad | D8: ='QA & Release'!B5 -> Not Started | E8: ='QA & Release'!B6 -> Medium | F8: 5 | G8: ='QA & Release'!E19 -> 34 | H8: ='QA & Release'!F19 -> 0 | I8: ='QA & Release'!G19 -> 0 | J8: ='QA & Release'!B9 -> 46234 | K8: ='QA & Release'!B10 -> 40
B9: PROGRAMME TOTAL | F9: =SUM(F5:F8) -> 22 | G9: =SUM(G5:G8) -> 151 | H9: =SUM(H5:H8) -> 48 | I9: =IFERROR(SUMPRODUCT(G5:G8,I5:I8)/SUM(G5:G8),0) -> 0.31258278 | K9: =SUM(K5:K8) -> 190
B11: Programme completion | D11: =I9 -> 0.31258278
B12: Effort logged vs. estimated | D12: =IFERROR(H9/G9,0) -> 0.31788079

Sheet Backend API
A1: Backend API — Aurora Platform Launch
A3: Project Information
A4: Project Owner | B4: Sarah Klein
A5: Status | B5: On Track
A6: Priority | B6: High
A7: Phase | B7: Development
A8: Start Date | B8: 46034
A9: End Date | B9: 46171
A10: Budget (days) | B10: 60
A12: Tasks
A13: Task ID | B13: Task Name | C13: Description | D13: Assignee | E13: Est. Effort (d) | F13: Actual Effort (d) | G13: % Complete | H13: Status | I13: Comments
A14: BE-01 | B14: Auth service | C14: OAuth2 + JWT session handling | D14: Sarah Klein | E14: 8 | F14: 8 | G14: 1 | H14: Done | I14: Reused module from prior project
A15: BE-02 | B15: User CRUD endpoints | C15: REST endpoints for user objects | D15: Marco Ruiz | E15: 6 | F15: 5 | G15: 1 | H15: Done
A16: BE-03 | B16: Rate limiting | C16: Redis-backed throttling middleware | D16: Marco Ruiz | E16: 4 | F16: 3 | G16: 0.8 | H16: In Progress | I16: Tuning thresholds
A17: BE-04 | B17: Billing integration | C17: Stripe webhooks + invoicing | D17: Sarah Klein | E17: 10 | F17: 4 | G17: 0.4 | H17: In Progress | I17: Blocked on vendor sandbox keys
A18: BE-05 | B18: Search API | C18: Elastic-backed full-text search | D18: Priya Nair | E18: 9 | F18: 0 | G18: 0 | H18: Not Started
A19: BE-06 | B19: API docs | C19: OpenAPI spec + Swagger UI | D19: Marco Ruiz | E19: 3 | F19: 0 | G19: 0 | H19: Not Started
A20: TOTAL | E20: =SUM(E14:E19) -> 40 | F20: =SUM(F14:F19) -> 20 | G20: =IFERROR(SUMPRODUCT(E14:E19,G14:G19)/SUM(E14:E19),0) -> 0.53

Sheet Frontend App
A1: Frontend App — Aurora Platform Launch
A3: Project Information
A4: Project Owner | B4: Daniel Weber
A5: Status | B5: At Risk
A6: Priority | B6: High
A7: Phase | B7: Development
A8: Start Date | B8: 46048
A9: End Date | B9: 46192
A10: Budget (days) | B10: 55
A12: Tasks
A13: Task ID | B13: Task Name | C13: Description | D13: Assignee | E13: Est. Effort (d) | F13: Actual Effort (d) | G13: % Complete | H13: Status | I13: Comments
A14: FE-01 | B14: Design system | C14: Reusable component library + tokens | D14: Lena Fischer | E14: 10 | F14: 11 | G14: 1 | H14: Done | I14: Overran by 1 day
A15: FE-02 | B15: Onboarding flow | C15: Signup, email verify, first-run wizard | D15: Daniel Weber | E15: 8 | F15: 6 | G15: 0.7 | H15: In Progress
A16: FE-03 | B16: Dashboard | C16: Charts + KPI widgets | D16: Lena Fischer | E16: 12 | F16: 4 | G16: 0.3 | H16: In Progress | I16: Waiting on BE-05 search API
A17: FE-04 | B17: Billing screens | C17: Plan selection + payment UI | D17: Daniel Weber | E17: 7 | F17: 0 | G17: 0 | H17: Not Started | I17: Depends on BE-04
A18: FE-05 | B18: Accessibility pass | C18: WCAG 2.1 AA audit + fixes | D18: Lena Fischer | E18: 6 | F18: 0 | G18: 0 | H18: Not Started
A19: FE-06 | B19: Mobile responsive | C19: Breakpoints + touch targets | D19: Omar Haddad | E19: 5 | F19: 0 | G19: 0 | H19: Not Started
A20: TOTAL | E20: =SUM(E14:E19) -> 48 | F20: =SUM(F14:F19) -> 21 | G20: =IFERROR(SUMPRODUCT(E14:E19,G14:G19)/SUM(E14:E19),0) -> 0.4

Sheet Data Migration
A1: Data Migration — Aurora Platform Launch
A3: Project Information
A4: Project Owner | B4: Priya Nair
A5: Status | B5: On Track
A6: Priority | B6: Medium
A7: Phase | B7: Planning
A8: Start Date | B8: 46083
A9: End Date | B9: 46213
A10: Budget (days) | B10: 35
A12: Tasks
A13: Task ID | B13: Task Name | C13: Description | D13: Assignee | E13: Est. Effort (d) | F13: Actual Effort (d) | G13: % Complete | H13: Status | I13: Comments
A14: DM-01 | B14: Source audit | C14: Catalogue legacy tables + owners | D14: Priya Nair | E14: 5 | F14: 5 | G14: 1 | H14: Done
A15: DM-02 | B15: Mapping spec | C15: Field-level mapping old->new schema | D15: Priya Nair | E15: 6 | F15: 2 | G15: 0.3 | H15: In Progress
A16: DM-03 | B16: ETL pipeline | C16: Extract/transform/load scripts | D16: Marco Ruiz | E16: 9 | F16: 0 | G16: 0 | H16: Not Started
A17: DM-04 | B17: Dry-run migration | C17: Full run against staging copy | D17: Priya Nair | E17: 5 | F17: 0 | G17: 0 | H17: Not Started
A18: DM-05 | B18: Cutover plan | C18: Runbook + rollback procedure | D18: Priya Nair | E18: 4 | F18: 0 | G18: 0 | H18: Not Started
A19: TOTAL | E19: =SUM(E14:E18) -> 29 | F19: =SUM(F14:F18) -> 7 | G19: =IFERROR(SUMPRODUCT(E14:E18,G14:G18)/SUM(E14:E18),0) -> 0.23448276

Sheet QA & Release
A1: QA & Release — Aurora Platform Launch
A3: Project Information
A4: Project Owner | B4: Omar Haddad
A5: Status | B5: Not Started
A6: Priority | B6: Medium
A7: Phase | B7: Planning
A8: Start Date | B8: 46146
A9: End Date | B9: 46234
A10: Budget (days) | B10: 40
A12: Tasks
A13: Task ID | B13: Task Name | C13: Description | D13: Assignee | E13: Est. Effort (d) | F13: Actual Effort (d) | G13: % Complete | H13: Status | I13: Comments
A14: QA-01 | B14: Test plan | C14: Scope, environments, exit criteria | D14: Omar Haddad | E14: 4 | F14: 0 | G14: 0 | H14: Not Started
A15: QA-02 | B15: E2E test suite | C15: Playwright automation of key flows | D15: Omar Haddad | E15: 12 | F15: 0 | G15: 0 | H15: Not Started
A16: QA-03 | B16: Load testing | C16: k6 scenarios + baseline report | D16: Marco Ruiz | E16: 6 | F16: 0 | G16: 0 | H16: Not Started
A17: QA-04 | B17: Security review | C17: Pen-test + dependency audit | D17: Sarah Klein | E17: 7 | F17: 0 | G17: 0 | H17: Not Started
A18: QA-05 | B18: Release runbook | C18: Deploy steps + go/no-go checklist | D18: Omar Haddad | E18: 5 | F18: 0 | G18: 0 | H18: Not Started
A19: TOTAL | E19: =SUM(E14:E18) -> 34 | F19: =SUM(F14:F18) -> 0 | G19: =IFERROR(SUMPRODUCT(E14:E18,G14:G18)/SUM(E14:E18),0) -> 0
